Date,Close
,INFY.NS
2018-01-01,415.2442321777344
2018-01-02,413.6973876953125
2018-01-03,410.3226318359375
2018-01-04,407.95220947265625
2018-01-05,406.5861511230469
2018-01-08,416.2486877441406
2018-01-09,418.37799072265625
2018-01-10,422.7572326660156
2018-01-11,432.2188415527344
2018-01-12,433.283447265625
2018-01-15,434.3682861328125
2018-01-16,451.1218566894531
2018-01-17,462.8733825683594
2018-01-18,463.11456298828125
2018-01-19,459.398193359375
2018-01-22,462.0297546386719
2018-01-23,472.91748046875
2018-01-24,476.41290283203125
2018-01-25,472.2345275878906
2018-01-29,475.2478942871094
2018-01-30,470.3262023925781
2018-01-31,462.1302185058594
2018-02-01,459.8602600097656
2018-02-02,459.31787109375
2018-02-05,457.2889099121094
2018-02-06,445.05523681640625
2018-02-07,445.5775451660156
2018-02-08,455.7019348144531
2018-02-09,445.61767578125
2018-02-12,443.0663757324219
2018-02-14,441.03759765625
2018-02-15,447.7469482421875
2018-02-16,453.2111511230469
2018-02-19,454.6975402832031
2018-02-20,456.7867431640625
2018-02-21,460.9851379394531
2018-02-22,466.3486633300781
2018-02-23,464.29974365234375
2018-02-26,457.4496765136719
2018-02-27,462.1100769042969
2018-02-28,471.10968017578125
2018-03-01,466.3486633300781
2018-03-05,464.400146484375
2018-03-06,462.5720520019531
2018-03-07,459.6593017578125
2018-03-08,464.70147705078125
2018-03-09,467.4134826660156
2018-03-12,476.3929138183594
2018-03-13,475.6094055175781
2018-03-14,474.4040832519531
2018-03-15,475.08721923828125
2018-03-16,470.82843017578125
2018-03-19,460.72406005859375
2018-03-20,467.8754577636719
2018-03-21,469.0606689453125
2018-03-22,466.5696716308594
2018-03-23,469.1007995605469
2018-03-26,464.1390686035156
2018-03-27,463.6368103027344
2018-03-28,454.7176208496094
2018-04-02,456.8670349121094
2018-04-03,458.19281005859375
2018-04-04,451.6641845703125
2018-04-05,461.04541015625
2018-04-06,452.78924560546875
2018-04-09,446.46142578125
2018-04-10,447.3252258300781
2018-04-11,451.68438720703125
2018-04-12,467.09197998046875
2018-04-13,470.64752197265625
2018-04-16,455.28009033203125
2018-04-17,452.0659484863281
2018-04-18,452.3673095703125
2018-04-19,455.1394958496094
2018-04-20,473.4599304199219
2018-04-23,477.17626953125
2018-04-24,463.8377380371094
2018-04-25,466.18798828125
2018-04-26,472.6564636230469
2018-04-27,476.1719055175781
2018-04-30,481.91705322265625
2018-05-02,480.932861328125
2018-05-03,475.10723876953125
2018-05-04,471.31048583984375
2018-05-07,475.28790283203125
2018-05-08,468.2772216796875
2018-05-09,470.3463439941406
2018-05-10,469.2614440917969
2018-05-11,474.3840026855469
2018-05-14,477.8192443847656
2018-05-15,479.9284973144531
2018-05-16,478.0802917480469
2018-05-17,475.2478942871094
2018-05-18,475.36834716796875
2018-05-21,473.88177490234375
2018-05-22,479.6471252441406
2018-05-23,476.0513610839844
2018-05-24,490.55511474609375
2018-05-25,493.488037109375
2018-05-28,487.9033508300781
2018-05-29,488.8275146484375
2018-05-30,486.81866455078125
2018-05-31,494.8941345214844
2018-06-01,490.47479248046875
2018-06-04,497.9475402832031
2018-06-05,490.49481201171875
2018-06-06,497.16424560546875
2018-06-07,503.19049072265625
2018-06-08,506.24407958984375
2018-06-11,507.1881103515625
2018-06-12,505.62127685546875
2018-06-13,512.170166015625
2018-06-14,510.2765808105469
2018-06-15,527.379150390625
2018-06-18,521.6783447265625
2018-06-19,511.0586242675781
2018-06-20,511.6966857910156
2018-06-21,513.0961303710938
2018-06-22,513.6312866210938
2018-06-25,523.7568359375
2018-06-26,525.9795532226562
2018-06-27,522.7483520507812
2018-06-28,530.8161010742188
2018-06-29,538.0604858398438
2018-07-02,549.3797607421875
2018-07-03,557.2210693359375
2018-07-04,553.7018432617188
2018-07-05,528.5110473632812
2018-07-06,528.6138916015625
2018-07-09,534.6234130859375
2018-07-10,535.673095703125
2018-07-11,543.5142822265625
2018-07-12,532.771240234375
2018-07-13,542.2588500976562
2018-07-16,548.618408203125
2018-07-17,546.5809936523438
2018-07-18,544.3787231445312
2018-07-19,541.9707641601562
2018-07-20,554.8954467773438
2018-07-23,558.12646484375
2018-07-24,566.8527221679688
2018-07-25,569.569580078125
2018-07-26,565.2474975585938
2018-07-27,565.329833984375
2018-07-30,556.089111328125
2018-07-31,561.8930053710938
2018-08-01,557.3446044921875
2018-08-02,557.1798706054688
2018-08-03,561.4811401367188
2018-08-06,560.0611572265625
2018-08-07,563.06591796875
2018-08-08,560.925537109375
2018-08-09,568.0053100585938
2018-08-10,570.2691650390625
2018-08-13,579.8598022460938
2018-08-14,579.6744995117188
2018-08-16,588.4213256835938
2018-08-17,588.7505493164062
2018-08-20,569.775390625
2018-08-21,569.6517333984375
2018-08-23,575.18798828125
2018-08-24,567.3260498046875
2018-08-27,582.5971069335938
2018-08-28,586.425048828125
2018-08-29,580.4154052734375
2018-08-30,582.9261474609375
2018-08-31,593.175537109375
2018-09-03,590.3558349609375
2018-09-04,606.841064453125
2018-09-05,600.8726196289062
2018-09-06,598.6087646484375
2018-09-07,603.260009765625
2018-09-10,601.6546630859375
2018-09-11,604.494873046875
2018-09-12,611.5746459960938
2018-09-14,604.0007934570312
2018-09-17,597.620849609375
2018-09-18,591.9818115234375
2018-09-19,592.516845703125
2018-09-21,580.6212768554688
2018-09-24,591.2821655273438
2018-09-25,597.8267211914062
2018-09-26,590.9528198242188
2018-09-27,596.6741333007812
2018-09-28,600.9960327148438
2018-10-01,614.6618041992188
2018-10-03,599.7200927734375
2018-10-04,582.1853637695312
2018-10-05,596.5094604492188
2018-10-08,588.1536865234375
2018-10-09,590.8704223632812
2018-10-10,576.6285400390625
2018-10-11,554.3192749023438
2018-10-12,558.8057250976562
2018-10-15,575.2703247070312
2018-10-16,572.3478393554688
2018-10-17,580.662353515625
2018-10-19,562.7161254882812
2018-10-22,559.7525634765625
2018-10-23,541.3533935546875
2018-10-24,534.9321899414062
2018-10-25,539.8836669921875
2018-10-26,527.2760009765625
2018-10-29,536.5550537109375
2018-10-30,548.9129638671875
2018-10-31,571.2158813476562
2018-11-01,554.821533203125
2018-11-02,551.1183471679688
2018-11-05,554.2389526367188
2018-11-06,554.6135864257812
2018-11-07,562.1448364257812
2018-11-09,548.829833984375
2018-11-12,552.7410888671875
2018-11-13,553.9892578125
2018-11-14,543.5869140625
2018-11-15,546.25
2018-11-16,541.6314086914062
2018-11-19,542.3386840820312
2018-11-20,533.7672119140625
2018-11-21,515.2091064453125
2018-11-22,516.5824584960938
2018-11-26,517.1649780273438
2018-11-27,531.6866455078125
2018-11-28,554.5719604492188
2018-11-29,550.1196899414062
2018-11-30,555.4457397460938
2018-12-03,557.8590698242188
2018-12-04,570.2587280273438
2018-12-05,567.0547485351562
2018-12-06,556.3194580078125
2018-12-07,568.2197875976562
2018-12-10,556.902099609375
2018-12-11,561.3126831054688
2018-12-12,564.6415405273438
2018-12-13,580.6611328125
2018-12-14,587.5682373046875
2018-12-17,577.8733520507812
2018-12-18,563.060302734375
2018-12-19,553.2820434570312
2018-12-20,555.1127319335938
2018-12-21,537.7618408203125
2018-12-24,540.0918579101562
2018-12-26,535.9724731445312
2018-12-27,546.5827026367188
2018-12-28,546.7077026367188
2018-12-31,548.3720092773438
2019-01-01,553.4483032226562
2019-01-02,556.7772216796875
2019-01-03,556.8605346679688
2019-01-04,550.1196899414062
2019-01-07,558.9826049804688
2019-01-08,557.609375
2019-01-09,562.6441650390625
2019-01-10,565.6400146484375
2019-01-11,568.8024291992188
2019-01-14,584.11474609375
2019-01-15,604.6697387695312
2019-01-16,613.1580810546875
2019-01-17,610.287109375
2019-01-18,608.2897338867188
2019-01-21,619.9820556640625
2019-01-22,620.2733764648438
2019-01-23,608.872314453125
2019-01-24,612.51220703125
2019-01-25,611.1316528320312
2019-01-28,609.1234130859375
2019-01-29,609.08154296875
2019-01-30,607.4080810546875
2019-01-31,627.1975708007812
2019-02-01,633.4732666015625
2019-02-04,632.5111694335938
2019-02-05,631.6323852539062
2019-02-06,638.7029418945312
2019-02-07,639.2886962890625
2019-02-08,636.69482421875
2019-02-11,638.2845458984375
2019-02-12,627.9506225585938
2019-02-14,619.2481689453125
2019-02-15,620.8380126953125
2019-02-18,620.0849609375
2019-02-19,606.0692138671875
2019-02-20,619.7922973632812
2019-02-21,613.7255249023438
2019-02-22,614.980712890625
2019-02-25,631.6742553710938
2019-02-26,621.2982788085938
2019-02-27,615.2318115234375
2019-02-28,614.436767578125
2019-03-01,620.7962646484375
2019-03-05,612.9306640625
2019-03-06,612.9306640625
2019-03-07,604.9395751953125
2019-03-08,596.0698852539062
2019-03-11,595.1494140625
2019-03-12,591.5513916015625
2019-03-13,592.8065185546875
2019-03-14,592.72265625
2019-03-15,601.2578735351562
2019-03-18,594.2708740234375
2019-03-19,604.3536987304688
2019-03-20,618.3278198242188
2019-03-22,621.8003540039062
2019-03-25,615.2318115234375
2019-03-26,608.9559936523438
2019-03-27,610.5877075195312
2019-03-28,617.365478515625
2019-04-01,631.8416748046875
2019-04-02,635.4396362304688
2019-04-03,630.3352661132812
2019-04-04,625.8170166015625
2019-04-05,635.3558959960938
2019-04-08,642.0082397460938
2019-04-09,636.4436645507812
2019-04-10,629.8333129882812
2019-04-11,621.4656982421875
2019-04-12,625.6913452148438
2019-04-15,608.7467651367188
2019-04-16,605.9017944335938
2019-04-18,600.0026245117188
2019-04-22,603.3496704101562
2019-04-23,609.3324584960938
2019-04-24,616.2359619140625
2019-04-25,609.6254272460938
2019-04-26,617.5328979492188
2019-04-30,628.7037353515625
2019-05-02,611.5082397460938
2019-05-03,605.4835205078125
2019-05-06,601.13232421875
2019-05-07,606.2784423828125
2019-05-08,601.9271850585938
2019-05-09,603.3496704101562
2019-05-10,599.8352661132812
2019-05-13,602.2200317382812
2019-05-14,597.324951171875
2019-05-15,599.207763671875
2019-05-16,613.4326782226562
2019-05-17,605.7345581054688
2019-05-20,604.4794311523438
2019-05-21,593.5177612304688
2019-05-22,593.894287109375
2019-05-23,586.6142578125
2019-05-24,593.4339599609375
2019-05-27,592.5136108398438
2019-05-28,609.2488403320312
2019-05-29,608.9978637695312
2019-05-30,613.8092041015625
2019-05-31,617.32373046875
2019-06-03,623.097412109375
2019-06-04,615.273681640625
2019-06-06,615.5247192382812
2019-06-07,618.4533081054688
2019-06-10,630.502685546875
2019-06-11,631.6742553710938
2019-06-12,630.7537841796875
2019-06-13,630.2022705078125
2019-06-14,628.3353881835938
2019-06-17,628.4202880859375
2019-06-18,636.5665283203125
2019-06-19,638.0516967773438
2019-06-20,640.597412109375
2019-06-21,636.6090087890625
2019-06-24,632.6206665039062
2019-06-25,634.8270263671875
2019-06-26,627.2745361328125
2019-06-27,619.9342651367188
2019-06-28,621.1647338867188
2019-07-01,620.5707397460938
2019-07-02,627.9535522460938
2019-07-03,620.5707397460938
2019-07-04,622.692138671875
2019-07-05,609.2844848632812
2019-07-08,608.9451293945312
2019-07-09,607.1630859375
2019-07-10,608.648193359375
2019-07-11,612.2546997070312
2019-07-12,616.7096557617188
2019-07-15,661.3452758789062
2019-07-16,666.0125122070312
2019-07-17,673.9044189453125
2019-07-18,672.6739501953125
2019-07-19,666.4793090820312
2019-07-22,665.6306762695312
2019-07-23,670.4252319335938
2019-07-24,667.2428588867188
2019-07-25,674.2013549804688
2019-07-26,667.8369750976562
2019-07-29,671.6132202148438
2019-07-30,672.6739501953125
2019-07-31,673.4801025390625
2019-08-01,652.4351196289062
2019-08-02,658.1630859375
2019-08-05,659.0966186523438
2019-08-06,657.187255859375
2019-08-07,658.58740234375
2019-08-08,669.322021484375
2019-08-09,670.2554931640625
2019-08-13,648.9559326171875
2019-08-14,657.4841918945312
2019-08-16,657.2720947265625
2019-08-19,659.9026489257812
2019-08-20,672.7163696289062
2019-08-21,678.4019165039062
2019-08-22,675.2196044921875
2019-08-23,680.7355346679688
2019-08-26,681.0324096679688
2019-08-27,665.8428344726562
2019-08-28,680.9901123046875
2019-08-29,684.766357421875
2019-08-30,691.5125732421875
2019-09-03,690.9608764648438
2019-09-04,696.943603515625
2019-09-05,707.762939453125
2019-09-06,712.9393920898438
2019-09-09,703.5624389648438
2019-09-11,695.925048828125
2019-09-12,692.7853393554688
2019-09-13,703.732177734375
2019-09-16,702.3743896484375
2019-09-17,705.3868408203125
2019-09-18,704.1988525390625
2019-09-19,696.4343872070312
2019-09-20,683.1115112304688
2019-09-23,648.6165161132812
2019-09-24,673.819580078125
2019-09-25,672.6315307617188
2019-09-26,664.060791015625
2019-09-27,663.7637939453125
2019-09-30,683.6631469726562
2019-10-01,673.3951416015625
2019-10-03,666.6488647460938
2019-10-04,673.3104248046875
2019-10-07,670.0009155273438
2019-10-09,664.9942626953125
2019-10-10,664.485107421875
2019-10-11,691.4276123046875
2019-10-14,667.0732421875
2019-10-15,651.96826171875
2019-10-16,654.6414794921875
2019-10-17,652.9866943359375
2019-10-18,651.5865478515625
2019-10-22,546.1072998046875
2019-10-23,559.039306640625
2019-10-24,545.9354858398438
2019-10-25,547.7399291992188
2019-10-27,557.5355224609375
2019-10-29,559.0823364257812
2019-10-30,567.6319580078125
2019-10-31,589.1136474609375
2019-11-01,591.0900268554688
2019-11-04,609.2205200195312
2019-11-05,598.1358642578125
2019-11-06,612.05615234375
2019-11-07,618.758544921875
2019-11-08,608.490234375
2019-11-11,605.2679443359375
2019-11-13,594.0543823242188
2019-11-14,606.0411987304688
2019-11-15,604.8382568359375
2019-11-18,605.9552612304688
2019-11-19,612.5286865234375
2019-11-20,612.6575317382812
2019-11-21,612.8723754882812
2019-11-22,595.6441650390625
2019-11-25,599.8544921875
2019-11-26,593.4099731445312
2019-11-27,597.8352661132812
2019-11-28,603.0767822265625
2019-11-29,598.3507080078125
2019-12-02,595.2144775390625
2019-12-03,600.0692749023438
2019-12-04,609.0916137695312
2019-12-05,614.2472534179688
2019-12-06,614.462158203125
2019-12-09,616.3095092773438
2019-12-10,613.9895629882812
2019-12-11,619.57470703125
2019-12-12,603.2915649414062
2019-12-13,611.1968994140625
2019-12-16,613.5169067382812
2019-12-17,627.00732421875
2019-12-18,629.370361328125
2019-12-19,627.9954833984375
2019-12-20,628.596923828125
2019-12-23,632.4207153320312
2019-12-24,630.1867065429688
2019-12-26,626.3629760742188
2019-12-27,633.2371215820312
2019-12-30,629.7570190429688
2019-12-31,628.2533569335938
2020-01-01,633.151123046875
2020-01-02,631.3036499023438
2020-01-03,641.013427734375
2020-01-06,634.8697509765625
2020-01-07,625.460693359375
2020-01-08,617.1258544921875
2020-01-09,625.1598510742188
2020-01-10,634.2682495117188
2020-01-13,664.6861572265625
2020-01-14,666.4906616210938
2020-01-15,659.5305786132812
2020-01-16,659.0579833984375
2020-01-17,659.788330078125
2020-01-20,660.3040161132812
2020-01-21,655.1913452148438
2020-01-22,661.8076782226562
2020-01-23,673.96630859375
2020-01-24,672.591552734375
2020-01-27,668.5958251953125
2020-01-28,668.5098876953125
2020-01-29,678.5634155273438
2020-01-30,670.8300170898438
2020-01-31,666.7484130859375
2020-02-03,659.4017333984375
2020-02-04,676.9737548828125
2020-02-05,674.13818359375
2020-02-06,662.7958374023438
2020-02-07,667.9083862304688
2020-02-10,664.3855590820312
2020-02-11,664.6861572265625
2020-02-12,671.1306762695312
2020-02-13,680.7545166015625
2020-02-14,675.7708740234375
2020-02-17,678.3485717773438
2020-02-18,685.3945922851562
2020-02-19,687.800537109375
2020-02-20,684.8359375
2020-02-24,683.8478393554688
2020-02-25,686.0390014648438
2020-02-26,672.591552734375
2020-02-27,668.3809814453125
2020-02-28,628.725830078125
2020-03-02,636.7599487304688
2020-03-03,641.8727416992188
2020-03-04,651.9690551757812
2020-03-05,648.403076171875
2020-03-06,634.95556640625
2020-03-09,605.310791015625
2020-03-11,589.4573974609375
2020-03-12,542.3695678710938
2020-03-13,551.9503784179688
2020-03-16,501.08172607421875
2020-03-17,476.8503723144531
2020-03-18,459.1065673828125
2020-03-19,468.7733459472656
2020-03-20,502.84320068359375
2020-03-23,452.3612976074219
2020-03-24,506.7959289550781
2020-03-25,520.8878173828125
2020-03-26,552.5087890625
2020-03-27,560.8438720703125
2020-03-30,538.5028686523438
2020-03-31,551.219970703125
2020-04-01,517.9663696289062
2020-04-03,503.2728271484375
2020-04-07,549.0718383789062
2020-04-08,542.7132568359375
2020-04-09,546.7088012695312
2020-04-13,547.6969604492188
2020-04-15,549.1146850585938
2020-04-16,536.0538330078125
2020-04-17,540.2643432617188
2020-04-20,561.3593139648438
2020-04-21,544.088134765625
2020-04-22,551.5206909179688
2020-04-23,583.7003173828125
2020-04-24,565.3978881835938
2020-04-27,571.0690307617188
2020-04-28,567.718017578125
2020-04-29,581.33740234375
2020-04-30,614.8057250976562
2020-05-04,578.8883666992188
2020-05-05,578.8883666992188
2020-05-06,572.1860961914062
2020-05-07,571.3698120117188
2020-05-08,579.3179931640625
2020-05-11,586.793701171875
2020-05-12,590.8751220703125
2020-05-13,596.4603881835938
2020-05-14,565.52685546875
2020-05-15,560.5001831054688
2020-05-18,570.4675903320312
2020-05-19,574.506103515625
2020-05-20,575.3224487304688
2020-05-21,577.5994873046875
2020-05-22,594.91357421875
2020-05-26,584.7744140625
2020-05-27,606.1700439453125
2020-05-28,607.845703125
2020-05-29,601.8361206054688
2020-06-01,609.2828979492188
2020-06-02,616.7294311523438
2020-06-03,611.0247802734375
2020-06-04,616.4246826171875
2020-06-05,612.7666625976562
2020-06-08,627.8344116210938
2020-06-09,625.0036010742188
2020-06-10,623.4794921875
2020-06-11,613.1151123046875
2020-06-12,602.7505493164062
2020-06-15,598.8311157226562
2020-06-16,610.7199096679688
2020-06-17,612.853759765625
2020-06-18,621.7811889648438
2020-06-19,614.508544921875
2020-06-22,612.897216796875
2020-06-23,627.6600341796875
2020-06-24,621.9988403320312
2020-06-25,610.1102294921875
2020-06-26,651.6552124023438
2020-06-29,637.3278198242188
2020-06-30,640.98583984375
2020-07-01,637.4585571289062
2020-07-02,658.9713134765625
2020-07-03,664.2840576171875
2020-07-06,665.4164428710938
2020-07-07,691.6759643554688
2020-07-08,674.7357177734375
2020-07-09,680.8324584960938
2020-07-10,680.963134765625
2020-07-13,694.2017822265625
2020-07-14,682.1824951171875
2020-07-15,723.7273559570312
2020-07-16,793.4480590820312
2020-07-17,786.6109619140625
2020-07-20,813.7415161132812
2020-07-21,815.8754272460938
2020-07-22,799.4578247070312
2020-07-23,790.7916870117188
2020-07-24,803.7689819335938
2020-07-27,826.0657348632812
2020-07-28,838.6075439453125
2020-07-29,831.0303344726562
2020-07-30,837.3882446289062
2020-07-31,841.3511352539062
2020-08-03,833.4253540039062
2020-08-04,827.2850341796875
2020-08-05,822.7996215820312
2020-08-06,845.5752563476562
2020-08-07,828.1996459960938
2020-08-10,828.5914916992188
2020-08-11,826.0657348632812
2020-08-12,831.72705078125
2020-08-13,828.4608154296875
2020-08-14,830.5511474609375
2020-08-17,833.9478759765625
2020-08-18,842.7011108398438
2020-08-19,835.5156860351562
2020-08-20,831.9012451171875
2020-08-21,826.3706665039062
2020-08-24,825.1512451171875
2020-08-25,817.05126953125
2020-08-26,828.1124267578125
2020-08-27,824.8463134765625
2020-08-28,814.5689697265625
2020-08-31,808.7771606445312
2020-09-01,796.1917114257812
2020-09-02,804.770751953125
2020-09-03,814.8302612304688
2020-09-04,800.5464477539062
2020-09-07,805.6851196289062
2020-09-08,818.0963745117188
2020-09-09,808.0368041992188
2020-09-10,818.74951171875
2020-09-11,823.6705932617188
2020-09-14,852.1510620117188
2020-09-15,855.6785278320312
2020-09-16,872.4881591796875
2020-09-17,880.5444946289062
2020-09-18,872.8364868164062
2020-09-21,879.58642578125
2020-09-22,877.4961547851562
2020-09-23,888.1654052734375
2020-09-24,849.5382080078125
2020-09-25,880.9365234375
2020-09-28,880.0220336914062
2020-09-29,878.8026123046875
2020-09-30,878.1492919921875
2020-10-01,886.33642578125
2020-10-05,913.3798217773438
2020-10-06,919.5201416015625
2020-10-07,928.9266967773438
2020-10-08,952.5731811523438
2020-10-09,963.98291015625
2020-10-12,986.0181274414062
2020-10-13,1008.4019775390625
2020-10-14,990.285888671875
2020-10-15,965.2457885742188
2020-10-16,982.0117797851562
2020-10-19,980.618408203125
2020-10-20,990.721435546875
2020-10-21,1000.17138671875
2020-10-22,983.3619995117188
2020-10-23,988.1594848632812
2020-10-26,979.3123779296875
2020-10-27,960.2974243164062
2020-10-28,947.7089233398438
2020-10-29,946.212158203125
2020-10-30,933.6676635742188
2020-11-02,943.9674682617188
2020-11-03,935.38427734375
2020-11-04,963.0263061523438
2020-11-05,971.8736572265625
2020-11-06,979.5763549804688
2020-11-09,1000.5281372070312
2020-11-10,960.4734497070312
2020-11-11,988.1594848632812
2020-11-12,983.97802734375
2020-11-13,989.656005859375
2020-11-14,997.7990112304688
2020-11-17,989.2158203125
2020-11-18,977.6397094726562
2020-11-19,965.4913940429688
2020-11-20,971.3013916015625
2020-11-23,1003.4331665039062
2020-11-24,1003.6090698242188
2020-11-25,982.1295166015625
2020-11-26,979.9722900390625
2020-11-27,968.3523559570312
2020-12-01,1001.6724853515625
2020-12-02,1004.357666015625
2020-12-03,991.6365966796875
2020-12-04,998.855224609375
2020-12-07,1006.646240234375
2020-12-08,1015.3173828125
2020-12-09,1034.552490234375
2020-12-10,1027.993896484375
2020-12-11,1023.9885864257812
2020-12-14,1025.1771240234375
2020-12-15,1016.4178466796875
2020-12-16,1026.189453125
2020-12-17,1020.4671630859375
2020-12-18,1047.4052734375
2020-12-21,1036.401123046875
2020-12-22,1074.4307861328125
2020-12-23,1103.0853271484375
2020-12-24,1088.1199951171875
2020-12-28,1091.8614501953125
2020-12-29,1100.66455078125
2020-12-30,1097.5833740234375
2020-12-31,1105.50634765625
2021-01-01,1109.5994873046875
2021-01-04,1134.07275390625
2021-01-05,1138.9586181640625
2021-01-06,1128.6585693359375
2021-01-07,1111.0963134765625
2021-01-08,1155.068359375
2021-01-11,1211.496826171875
2021-01-12,1207.579345703125
2021-01-13,1221.13623046875
2021-01-14,1206.47900390625
2021-01-15,1183.9866943359375
2021-01-18,1155.024169921875
2021-01-19,1159.0738525390625
2021-01-20,1179.1451416015625
2021-01-21,1179.365234375
2021-01-22,1180.37744140625
2021-01-25,1166.5125732421875
2021-01-27,1145.29638671875
2021-01-28,1123.4647216796875
2021-01-29,1090.7611083984375
2021-02-01,1109.9957275390625
2021-02-02,1119.107177734375
2021-02-03,1130.9034423828125
2021-02-04,1126.23779296875
2021-02-05,1119.8553466796875
2021-02-08,1147.54150390625
2021-02-09,1149.30224609375
2021-02-10,1141.3353271484375
2021-02-11,1137.946044921875
2021-02-12,1153.04345703125
2021-02-15,1152.9114990234375
2021-02-16,1135.9654541015625
2021-02-17,1127.954345703125
2021-02-18,1137.77001953125
2021-02-19,1136.7576904296875
2021-02-22,1113.78125
2021-02-23,1114.7935791015625
2021-02-24,1121.7921142578125
2021-02-25,1122.0123291015625
2021-02-26,1103.305419921875
2021-03-01,1115.3656005859375
2021-03-02,1148.3780517578125
2021-03-03,1182.7545166015625
2021-03-04,1171.134033203125
2021-03-05,1159.11767578125
2021-03-08,1175.8878173828125
2021-03-09,1184.5150146484375
2021-03-10,1204.4102783203125
2021-03-12,1210.3084716796875
2021-03-15,1209.207763671875
2021-03-16,1218.3634033203125
2021-03-17,1221.00439453125
2021-03-18,1177.076171875
2021-03-19,1183.5465087890625
2021-03-22,1206.7431640625
2021-03-23,1207.4033203125
2021-03-24,1191.7337646484375
2021-03-25,1174.171142578125
2021-03-26,1176.28369140625
2021-03-30,1219.5079345703125
2021-03-31,1204.322265625
2021-04-01,1219.419677734375
2021-04-05,1241.1634521484375
2021-04-06,1242.17626953125
2021-04-07,1259.0340576171875
2021-04-08,1267.5291748046875
2021-04-09,1268.585693359375
2021-04-12,1255.1165771484375
2021-04-13,1229.9395751953125
2021-04-15,1197.8958740234375
2021-04-16,1191.7337646484375
2021-04-19,1199.48046875
2021-04-20,1189.6207275390625
2021-04-22,1189.4007568359375
2021-04-23,1174.171142578125
2021-04-26,1182.7545166015625
2021-04-27,1187.11181640625
2021-04-28,1193.7142333984375
2021-04-29,1194.0224609375
2021-04-30,1192.2615966796875
2021-05-03,1190.2371826171875
2021-05-04,1170.2977294921875
2021-05-05,1180.94970703125
2021-05-06,1198.64404296875
2021-05-07,1190.67724609375
2021-05-10,1179.2332763671875
2021-05-11,1171.398193359375
2021-05-12,1168.18505859375
2021-05-14,1158.8536376953125
2021-05-17,1170.2977294921875
2021-05-18,1179.6292724609375
2021-05-19,1176.9881591796875
2021-05-20,1179.012939453125
2021-05-21,1192.393798828125
2021-05-24,1186.715576171875
2021-05-25,1198.64404296875
2021-05-26,1230.0274658203125
2021-05-27,1234.4290771484375
2021-05-28,1236.8939208984375
2021-05-31,1240.186279296875
2021-06-01,1234.3580322265625
2021-06-02,1226.7501220703125
2021-06-03,1236.5380859375
2021-06-04,1232.978759765625
2021-06-07,1236.5380859375
2021-06-08,1257.2708740234375
2021-06-09,1259.3621826171875
2021-06-10,1267.3704833984375
2021-06-11,1287.4803466796875
2021-06-14,1300.738525390625
2021-06-15,1311.5054931640625
2021-06-16,1317.4671630859375
2021-06-17,1330.547607421875
2021-06-18,1337.6661376953125
2021-06-21,1334.9967041015625
2021-06-22,1345.2738037109375
2021-06-23,1337.53271484375
2021-06-24,1387.4071044921875
2021-06-25,1400.754150390625
2021-06-28,1398.6187744140625
2021-06-29,1390.8330078125
2021-06-30,1406.627197265625
2021-07-01,1388.4747314453125
2021-07-02,1395.0595703125
2021-07-05,1404.98095703125
2021-07-06,1390.07666015625
2021-07-07,1392.212158203125
2021-07-08,1388.7861328125
2021-07-09,1390.6993408203125
2021-07-12,1377.3076171875
2021-07-13,1374.727294921875
2021-07-14,1403.156982421875
2021-07-15,1406.627197265625
2021-07-16,1384.0703125
2021-07-19,1371.835205078125
2021-07-20,1379.265380859375
2021-07-22,1414.9913330078125
2021-07-23,1415.2139892578125
2021-07-26,1427.1820068359375
2021-07-27,1425.9808349609375
2021-07-28,1428.6947021484375
2021-07-29,1438.838623046875
2021-07-30,1433.0548095703125
2021-08-02,1451.7857666015625
2021-08-03,1472.8297119140625
2021-08-04,1467.5352783203125
2021-08-05,1471.361572265625
2021-08-06,1468.3807373046875
2021-08-09,1480.037353515625
2021-08-10,1492.450439453125
2021-08-11,1492.7171630859375
2021-08-12,1503.4395751953125
2021-08-13,1523.549560546875
2021-08-16,1516.60888671875
2021-08-17,1549.7548828125
2021-08-18,1542.4581298828125
2021-08-20,1542.01318359375
2021-08-23,1547.1741943359375
2021-08-24,1531.2464599609375
2021-08-25,1544.3267822265625
2021-08-26,1537.3416748046875
2021-08-27,1520.5242919921875
2021-08-30,1510.958740234375
2021-08-31,1518.4329833984375
2021-09-01,1492.8951416015625
2021-09-02,1502.9945068359375
2021-09-03,1513.272216796875
2021-09-06,1539.744140625
2021-09-07,1518.6112060546875
2021-09-08,1506.6875
2021-09-09,1505.2191162109375
2021-09-13,1505.4862060546875
2021-09-14,1500.3697509765625
2021-09-15,1522.8819580078125
2021-09-16,1514.69580078125
2021-09-17,1504.952392578125
2021-09-20,1501.8824462890625
2021-09-21,1529.11083984375
2021-09-22,1527.731689453125
2021-09-23,1550.555419921875
2021-09-24,1569.5086669921875
2021-09-27,1531.513427734375
2021-09-28,1501.215087890625
2021-09-29,1505.797607421875
2021-09-30,1490.6260986328125
2021-10-01,1481.68359375
2021-10-04,1493.784912109375
2021-10-05,1506.2869873046875
2021-10-06,1489.1580810546875
2021-10-07,1504.685302734375
2021-10-08,1533.9158935546875
2021-10-11,1504.640869140625
2021-10-12,1499.4798583984375
2021-10-13,1520.8800048828125
2021-10-14,1526.70849609375
2021-10-18,1594.6907958984375
2021-10-19,1621.38525390625
2021-10-20,1603.7667236328125
2021-10-21,1560.4324951171875
2021-10-22,1530.312255859375
2021-10-25,1519.412109375
2021-10-26,1529.4212646484375
2021-10-27,1552.08837890625
2021-10-28,1529.6009521484375
2021-10-29,1497.1488037109375
2021-11-01,1526.144775390625
2021-11-02,1524.214599609375
2021-11-03,1528.343994140625
2021-11-04,1533.90966796875
2021-11-08,1559.763671875
2021-11-09,1564.252197265625
2021-11-10,1562.142822265625
2021-11-11,1555.993408203125
2021-11-12,1598.095703125
2021-11-15,1604.3348388671875
2021-11-16,1608.9581298828125
2021-11-17,1604.6041259765625
2021-11-18,1597.377685546875
2021-11-22,1579.423583984375
2021-11-23,1559.22509765625
2021-11-24,1522.509033203125
2021-11-25,1546.20849609375
2021-11-26,1518.60400390625
2021-11-29,1522.8231201171875
2021-11-30,1537.455810546875
2021-12-01,1539.4755859375
2021-12-02,1569.4141845703125
2021-12-03,1558.0133056640625
2021-12-06,1521.8807373046875
2021-12-07,1536.5582275390625
2021-12-08,1573.992431640625
2021-12-09,1583.0592041015625
2021-12-10,1579.288818359375
2021-12-13,1566.182373046875
2021-12-14,1572.9151611328125
2021-12-15,1556.80126953125
2021-12-16,1590.3753662109375
2021-12-17,1634.58740234375
2021-12-20,1614.8829345703125
2021-12-21,1626.28369140625
2021-12-22,1638.0435791015625
2021-12-23,1667.578125
2021-12-24,1672.874755859375
2021-12-27,1675.253662109375
2021-12-28,1694.868408203125
2021-12-29,1692.669189453125
2021-12-30,1699.222412109375
2021-12-31,1694.6441650390625
2022-01-03,1704.2493896484375
2022-01-04,1704.8779296875
2022-01-05,1655.9527587890625
2022-01-06,1631.849609375
2022-01-07,1628.7076416015625
2022-01-10,1661.428955078125
2022-01-11,1665.78271484375
2022-01-12,1685.397705078125
2022-01-13,1702.7681884765625
2022-01-14,1731.988525390625
2022-01-17,1741.100341796875
2022-01-18,1724.2684326171875
2022-01-19,1676.0615234375
2022-01-20,1637.1461181640625
2022-01-21,1603.033203125
2022-01-24,1559.135498046875
2022-01-25,1545.9840087890625
2022-01-27,1506.8890380859375
2022-01-28,1513.7113037109375
2022-01-31,1558.5965576171875
2022-02-01,1590.7794189453125
2022-02-02,1604.2900390625
2022-02-03,1560.706298828125
2022-02-04,1562.995361328125
2022-02-07,1539.5653076171875
2022-02-08,1541.6300048828125
2022-02-09,1559.584228515625
2022-02-10,1588.580078125
2022-02-11,1545.2657470703125
2022-02-14,1510.12060546875
2022-02-15,1560.43701171875
2022-02-16,1555.993408203125
2022-02-17,1548.3629150390625
2022-02-18,1532.3387451171875
2022-02-21,1553.6593017578125
2022-02-22,1556.9359130859375
2022-02-23,1564.5665283203125
2022-02-24,1506.4849853515625
2022-02-25,1521.2520751953125
2022-02-28,1540.1041259765625
2022-03-02,1528.6134033203125
2022-03-03,1544.817138671875
2022-03-04,1547.016357421875
2022-03-07,1561.8734130859375
2022-03-08,1596.30029296875
2022-03-09,1627.854736328125
2022-03-10,1639.12109375
2022-03-11,1635.6199951171875
2022-03-14,1697.292236328125
2022-03-15,1651.1500244140625
2022-03-16,1696.1251220703125
2022-03-17,1664.8851318359375
2022-03-21,1663.49365234375
2022-03-22,1694.3297119140625
2022-03-23,1680.8641357421875
2022-03-24,1693.701416015625
2022-03-25,1684.5899658203125
2022-03-28,1682.2108154296875
2022-03-29,1693.0731201171875
2022-03-30,1709.186767578125
2022-03-31,1711.7901611328125
2022-04-01,1708.8277587890625
2022-04-04,1690.3349609375
2022-04-05,1670.72021484375
2022-04-06,1641.7691650390625
2022-04-07,1625.7449951171875
2022-04-08,1628.9766845703125
2022-04-11,1585.842041015625
2022-04-12,1564.2073974609375
2022-04-13,1569.6834716796875
2022-04-18,1455.5401611328125
2022-04-19,1402.2164306640625
2022-04-20,1425.287353515625
2022-04-21,1453.2060546875
2022-04-22,1423.267578125
2022-04-25,1401.4085693359375
2022-04-26,1419.27294921875
2022-04-27,1393.9576416015625
2022-04-28,1420.7091064453125
2022-04-29,1407.198486328125
2022-05-02,1383.364501953125
2022-05-04,1378.47216796875
2022-05-05,1422.9981689453125
2022-05-06,1385.025146484375
2022-05-09,1409.712158203125
2022-05-10,1394.136962890625
2022-05-11,1370.5723876953125
2022-05-12,1354.458251953125
2022-05-13,1350.508544921875
2022-05-16,1336.7735595703125
2022-05-17,1363.12109375
2022-05-18,1354.8172607421875
2022-05-19,1281.1607666015625
2022-05-20,1306.296630859375
2022-05-23,1318.191162109375
2022-05-24,1293.593994140625
2022-05-25,1266.1690673828125
2022-05-26,1278.2879638671875
2022-05-27,1311.8621826171875
2022-05-30,1370.6171875
2022-05-31,1364.0850830078125
2022-06-01,1341.3594970703125
2022-06-02,1368.076904296875
2022-06-03,1380.505859375
2022-06-06,1388.0810546875
2022-06-07,1366.8974609375
2022-06-08,1360.8192138671875
2022-06-09,1374.427490234375
2022-06-10,1339.7718505859375
2022-06-13,1292.32470703125
2022-06-14,1306.8856201171875
2022-06-15,1290.2379150390625
2022-06-16,1267.557861328125
2022-06-17,1258.5762939453125
2022-06-20,1282.9349365234375
2022-06-21,1315.367919921875
2022-06-22,1303.891845703125
2022-06-23,1317.6812744140625
2022-06-24,1307.38427734375
2022-06-27,1337.77587890625
2022-06-28,1342.8111572265625
2022-06-29,1327.479248046875
2022-06-30,1326.25439453125
2022-07-01,1342.130615234375
2022-07-04,1349.9324951171875
2022-07-05,1339.0008544921875
2022-07-06,1353.2440185546875
2022-07-07,1359.6397705078125
2022-07-08,1373.9285888671875
2022-07-11,1336.460693359375
2022-07-12,1305.116455078125
2022-07-13,1310.423583984375
2022-07-14,1296.271240234375
2022-07-15,1297.6317138671875
2022-07-18,1351.6563720703125
2022-07-19,1346.43994140625
2022-07-20,1374.6995849609375
2022-07-21,1390.666748046875
2022-07-22,1366.53466796875
2022-07-25,1364.0850830078125
2022-07-26,1316.5020751953125
2022-07-27,1334.555419921875
2022-07-28,1376.6048583984375
2022-07-29,1405.90771484375
2022-08-01,1407.132568359375
2022-08-02,1400.3736572265625
2022-08-03,1420.7860107421875
2022-08-04,1451.44970703125
2022-08-05,1466.645751953125
2022-08-08,1469.1405029296875
2022-08-10,1453.7633056640625
2022-08-11,1469.6395263671875
2022-08-12,1446.1881103515625
2022-08-16,1448.3199462890625
2022-08-17,1457.210693359375
2022-08-18,1436.0726318359375
2022-08-19,1448.9095458984375
2022-08-22,1429.449951171875
2022-08-23,1399.28515625
2022-08-24,1394.8397216796875
2022-08-25,1377.2852783203125
2022-08-26,1380.3697509765625
2022-08-29,1326.118408203125
2022-08-30,1354.42333984375
2022-09-01,1328.341064453125
2022-09-02,1318.1802978515625
2022-09-05,1325.7100830078125
2022-09-06,1320.0853271484375
2022-09-07,1322.3988037109375
2022-09-08,1338.9556884765625
2022-09-09,1371.38818359375
2022-09-12,1393.6602783203125
2022-09-13,1401.5985107421875
2022-09-14,1338.501708984375
2022-09-15,1299.8546142578125
2022-09-16,1249.277587890625
2022-09-19,1261.2979736328125
2022-09-20,1259.7105712890625
2022-09-21,1249.4588623046875
2022-09-22,1241.021728515625
2022-09-23,1238.7537841796875
2022-09-26,1252.180419921875
2022-09-27,1264.24658203125
2022-09-28,1265.2896728515625
2022-09-29,1268.873291015625
2022-09-30,1282.2999267578125
2022-10-03,1264.4278564453125
2022-10-04,1296.77001953125
2022-10-06,1320.130859375
2022-10-07,1316.54736328125
2022-10-10,1326.934814453125
2022-10-11,1291.689697265625
2022-10-12,1296.1351318359375
2022-10-13,1288.1517333984375
2022-10-14,1337.45849609375
2022-10-17,1351.7017822265625
2022-10-18,1364.1759033203125
2022-10-19,1347.6192626953125
2022-10-20,1361.6357421875
2022-10-21,1361.27294921875
2022-10-24,1377.012939453125
2022-10-25,1384.678955078125
2022-10-27,1397.65625
2022-10-28,1387.843017578125
2022-10-31,1410.220947265625
2022-11-01,1442.641357421875
2022-11-02,1424.5738525390625
2022-11-03,1403.8927001953125
2022-11-04,1388.5308837890625
2022-11-07,1382.523681640625
2022-11-09,1385.9627685546875
2022-11-10,1377.4794921875
2022-11-11,1439.981689453125
2022-11-14,1453.922119140625
2022-11-15,1461.9010009765625
2022-11-16,1469.971923828125
2022-11-17,1455.8480224609375
2022-11-18,1461.350830078125
2022-11-21,1438.2391357421875
2022-11-22,1453.6927490234375
2022-11-23,1451.9503173828125
2022-11-24,1494.7342529296875
2022-11-25,1500.0994873046875
2022-11-28,1488.8646240234375
2022-11-29,1494.04638671875
2022-11-30,1499.45751953125
2022-12-01,1519.771728515625
2022-12-02,1502.162841796875
2022-12-05,1503.859619140625
2022-12-06,1479.2347412109375
2022-12-07,1472.447998046875
2022-12-08,1485.8839111328125
2022-12-09,1439.248046875
2022-12-12,1418.9793701171875
2022-12-13,1441.86181640625
2022-12-14,1448.5111083984375
2022-12-15,1412.8345947265625
2022-12-16,1396.05126953125
2022-12-19,1382.4317626953125
2022-12-20,1382.3861083984375
2022-12-21,1384.44970703125
2022-12-22,1395.9136962890625
2022-12-23,1373.0313720703125
2022-12-26,1377.892333984375
2022-12-27,1389.310302734375
2022-12-28,1385.0
2022-12-29,1391.7867431640625
2022-12-30,1383.2113037109375
2023-01-02,1397.7020263671875
2023-01-03,1396.372314453125
2023-01-04,1370.922119140625
2023-01-05,1352.9462890625
2023-01-06,1328.458984375
2023-01-09,1361.4296875
2023-01-10,1347.947998046875
2023-01-11,1349.3236083984375
2023-01-12,1357.8988037109375
2023-01-13,1379.0386962890625
2023-01-16,1399.077880859375
2023-01-17,1411.91748046875
2023-01-18,1417.3287353515625
2023-01-19,1411.3671875
2023-01-20,1399.1236572265625
2023-01-23,1419.7132568359375
2023-01-24,1423.2901611328125
2023-01-25,1415.1275634765625
2023-01-27,1393.254150390625
2023-01-30,1411.275634765625
2023-01-31,1406.64404296875
2023-02-01,1422.5562744140625
2023-02-02,1452.50048828125
2023-02-03,1466.853515625
2023-02-06,1439.7523193359375
2023-02-07,1432.919921875
2023-02-08,1458.691162109375
2023-02-09,1482.9949951171875
2023-02-10,1475.245361328125
2023-02-13,1437.5513916015625
2023-02-14,1461.213134765625
2023-02-15,1464.6983642578125
2023-02-16,1469.0545654296875
2023-02-17,1452.5465087890625
2023-02-20,1460.4793701171875
2023-02-21,1448.602783203125
2023-02-22,1432.36962890625
2023-02-23,1422.1895751953125
2023-02-24,1422.1435546875
2023-02-27,1384.2203369140625
2023-02-28,1364.27294921875
2023-03-01,1372.0684814453125
2023-03-02,1350.1490478515625
2023-03-03,1356.7064208984375
2023-03-06,1382.523681640625
2023-03-08,1368.9959716796875
2023-03-09,1357.71533203125
2023-03-10,1349.598876953125
2023-03-13,1316.16943359375
2023-03-14,1302.32080078125
2023-03-15,1301.9998779296875
2023-03-16,1287.738525390625
2023-03-17,1302.9627685546875
2023-03-20,1287.3258056640625
2023-03-21,1275.4490966796875
2023-03-22,1274.119384765625
2023-03-23,1260.637451171875
2023-03-24,1266.23193359375
2023-03-27,1273.8441162109375
2023-03-28,1263.4345703125
2023-03-29,1268.8914794921875
2023-03-31,1309.612060546875
2023-04-03,1293.9290771484375
2023-04-05,1305.576904296875
2023-04-06,1304.0633544921875
2023-04-10,1309.291015625
2023-04-11,1289.6187744140625
2023-04-12,1309.93310546875
2023-04-13,1274.0733642578125
2023-04-17,1154.021484375
2023-04-18,1154.9842529296875
2023-04-19,1130.084228515625
2023-04-20,1122.013671875
2023-04-21,1125.6363525390625
2023-04-24,1124.6734619140625
2023-04-25,1123.389404296875
2023-04-26,1125.81982421875
2023-04-27,1142.969970703125
2023-04-28,1148.931396484375
2023-05-02,1171.58447265625
2023-05-03,1163.9722900390625
2023-05-04,1168.0074462890625
2023-05-05,1154.755126953125
2023-05-08,1160.7164306640625
2023-05-09,1165.393798828125
2023-05-10,1158.5611572265625
2023-05-11,1152.003662109375
2023-05-12,1142.007080078125
2023-05-15,1154.0672607421875
2023-05-16,1159.5242919921875
2023-05-17,1143.5660400390625
2023-05-18,1142.7408447265625
2023-05-19,1163.742919921875
2023-05-22,1185.662353515625
2023-05-23,1192.311279296875
2023-05-24,1191.0274658203125
2023-05-25,1196.2552490234375
2023-05-26,1208.2694091796875
2023-05-29,1205.47216796875
2023-05-30,1214.13916015625
2023-05-31,1209.049072265625
2023-06-01,1210.1495361328125
2023-06-02,1207.361328125
2023-06-05,1212.473388671875
2023-06-06,1188.772216796875
2023-06-07,1198.020263671875
2023-06-08,1192.3040771484375
2023-06-09,1176.6427001953125
2023-06-12,1200.80859375
2023-06-13,1212.798583984375
2023-06-14,1208.66259765625
2023-06-15,1196.0218505859375
2023-06-16,1200.52978515625
2023-06-19,1202.714111328125
2023-06-20,1211.4510498046875
2023-06-21,1207.6865234375
2023-06-22,1191.142333984375
2023-06-23,1175.759765625
2023-06-26,1180.7322998046875
2023-06-27,1188.91162109375
2023-06-28,1202.10986328125
2023-06-30,1241.2862548828125
2023-07-03,1239.61328125
2023-07-04,1250.2554931640625
2023-07-05,1252.25390625
2023-07-06,1249.0936279296875
2023-07-07,1236.360107421875
2023-07-10,1235.38427734375
2023-07-11,1253.462158203125
2023-07-12,1239.2415771484375
2023-07-13,1268.7982177734375
2023-07-14,1325.3553466796875
2023-07-17,1322.567138671875
2023-07-18,1371.1309814453125
2023-07-19,1370.8988037109375
2023-07-20,1347.244140625
2023-07-21,1237.661376953125
2023-07-24,1242.3087158203125
2023-07-25,1240.44970703125
2023-07-26,1253.694580078125
2023-07-27,1257.6912841796875
2023-07-28,1245.9337158203125
2023-07-31,1260.061279296875
2023-08-01,1268.8909912109375
2023-08-02,1261.1302490234375
2023-08-03,1268.0545654296875
2023-08-04,1281.1134033203125
2023-08-07,1294.7298583984375
2023-08-08,1292.1275634765625
2023-08-09,1296.03125
2023-08-10,1291.105224609375
2023-08-11,1275.0718994140625
2023-08-14,1295.2412109375
2023-08-16,1318.43115234375
2023-08-17,1311.971435546875
2023-08-18,1290.8262939453125
2023-08-21,1306.25537109375
2023-08-22,1304.7215576171875
2023-08-23,1308.6251220703125
2023-08-24,1323.1712646484375
2023-08-25,1319.9180908203125
2023-08-28,1315.7822265625
2023-08-29,1317.64111328125
2023-08-30,1333.906494140625
2023-08-31,1334.1851806640625
2023-09-01,1341.99267578125
2023-09-04,1361.74365234375
2023-09-05,1374.5701904296875
2023-09-06,1373.2222900390625
2023-09-07,1362.76611328125
2023-09-08,1365.92626953125
2023-09-11,1372.29296875
2023-09-12,1395.2039794921875
2023-09-13,1392.6480712890625
2023-09-14,1400.6412353515625
2023-09-15,1404.96337890625
2023-09-18,1386.5601806640625
2023-09-20,1385.119384765625
2023-09-21,1395.8082275390625
2023-09-22,1390.6031494140625
2023-09-25,1370.1552734375
2023-09-26,1357.607421875
2023-09-27,1363.509521484375
2023-09-28,1337.9033203125
2023-09-29,1334.1851806640625
2023-10-03,1332.837646484375
2023-10-04,1342.4573974609375
2023-10-05,1360.2100830078125
2023-10-06,1374.3841552734375
2023-10-09,1371.36328125
2023-10-10,1389.673828125
2023-10-11,1388.9765625
2023-10-12,1362.1153564453125
2023-10-13,1330.1885986328125
2023-10-16,1332.97705078125
2023-10-17,1340.6915283203125
2023-10-18,1338.9254150390625
2023-10-19,1332.5123291015625
2023-10-20,1326.563720703125
2023-10-23,1309.27587890625
2023-10-25,1289.88134765625
2023-10-26,1279.901611328125
2023-10-27,1299.5784912109375
2023-10-30,1296.4718017578125
2023-10-31,1288.327880859375
2023-11-01,1274.91162109375
2023-11-02,1289.9754638671875
2023-11-03,1307.76953125
2023-11-06,1321.185791015625
2023-11-07,1322.127197265625
2023-11-08,1309.60546875
2023-11-09,1294.3533935546875
2023-11-10,1288.75146484375
2023-11-13,1293.1766357421875
2023-11-15,1327.96435546875
2023-11-16,1360.3514404296875
2023-11-17,1353.4315185546875
2023-11-20,1352.537109375
2023-11-21,1354.796630859375
2023-11-22,1372.4967041015625
2023-11-23,1364.4468994140625
2023-11-24,1353.2904052734375
2023-11-28,1358.2801513671875
2023-11-29,1374.1912841796875
2023-11-30,1370.001708984375
2023-12-01,1367.3184814453125
2023-12-04,1378.663330078125
2023-12-05,1368.8719482421875
2023-12-06,1388.03125
2023-12-07,1380.1226806640625
2023-12-08,1403.895263671875
2023-12-11,1401.400146484375
2023-12-12,1389.6787109375
2023-12-13,1364.2115478515625
2023-12-14,1413.5924072265625
2023-12-15,1486.039794921875
2023-12-18,1472.811767578125
2023-12-19,1467.115966796875
2023-12-20,1446.497314453125
2023-12-21,1446.120849609375
2023-12-22,1471.4466552734375
2023-12-26,1453.60546875
2023-12-27,1475.40087890625
2023-12-28,1471.211181640625
2023-12-29,1452.616943359375
2024-01-01,1460.5726318359375
2024-01-02,1444.6142578125
2024-01-03,1402.8123779296875
2024-01-04,1424.18408203125
2024-01-05,1442.87255859375
2024-01-08,1433.6932373046875
2024-01-09,1439.812744140625
2024-01-10,1430.9627685546875
2024-01-11,1406.7666015625
2024-01-12,1518.3797607421875
2024-01-15,1555.4271240234375
2024-01-16,1536.07958984375
2024-01-17,1544.223388671875
2024-01-18,1546.4830322265625
2024-01-19,1562.111572265625
2024-01-23,1546.0594482421875
2024-01-24,1577.36376953125
2024-01-25,1571.432373046875
2024-01-29,1559.6639404296875
2024-01-30,1554.8150634765625
2024-01-31,1563.7122802734375
2024-02-01,1560.0875244140625
2024-02-02,1594.2633056640625
2024-02-05,1588.4732666015625
2024-02-06,1628.2508544921875
2024-02-07,1594.639892578125
2024-02-08,1593.0865478515625
2024-02-09,1571.667724609375
2024-02-12,1581.7886962890625
2024-02-13,1585.978271484375
2024-02-14,1568.7020263671875
2024-02-15,1578.2581787109375
2024-02-16,1602.07763671875
2024-02-19,1600.288818359375
2024-02-20,1586.6373291015625
2024-02-21,1558.67529296875
2024-02-22,1582.965576171875
2024-02-23,1578.7288818359375
2024-02-26,1563.0059814453125
2024-02-27,1566.254150390625
2024-02-28,1573.45654296875
2024-02-29,1575.951416015625
2024-03-01,1557.875
2024-03-04,1541.39892578125
2024-03-05,1512.495361328125
2024-03-06,1522.8988037109375
2024-03-07,1521.863037109375
2024-03-11,1506.940673828125
2024-03-12,1518.56787109375
2024-03-13,1517.1085205078125
2024-03-14,1556.5570068359375
2024-03-15,1538.38623046875
2024-03-18,1508.8707275390625
2024-03-19,1470.0814208984375
2024-03-20,1463.9619140625
2024-03-21,1463.7264404296875
2024-03-22,1420.559326171875
2024-03-26,1405.307373046875
2024-03-27,1397.022216796875
2024-03-28,1410.3914794921875
2024-04-01,1407.943603515625
2024-04-02,1396.080810546875
2024-04-03,1394.0096435546875
2024-04-04,1399.7054443359375
2024-04-05,1392.55029296875
2024-04-08,1390.290771484375
2024-04-09,1407.378662109375
2024-04-10,1418.62939453125
2024-04-12,1397.86962890625
2024-04-15,1382.240966796875
2024-04-16,1331.6832275390625
2024-04-18,1336.2025146484375
2024-04-19,1328.67041015625
2024-04-22,1348.9124755859375
2024-04-23,1357.997802734375
2024-04-24,1347.029541015625
2024-04-25,1354.2786865234375
2024-04-26,1346.55859375
2024-04-29,1350.79541015625
2024-04-30,1337.42626953125
2024-05-02,1331.6832275390625
2024-05-03,1333.425048828125
2024-05-06,1342.46337890625
2024-05-07,1356.632568359375
2024-05-08,1343.7813720703125
2024-05-09,1355.314453125
2024-05-10,1341.521728515625
2024-05-13,1340.1566162109375
2024-05-14,1341.3333740234375
2024-05-15,1336.861328125
2024-05-16,1368.3070068359375
2024-05-17,1359.7864990234375
2024-05-21,1350.2305908203125
2024-05-22,1369.6722412109375
2024-05-23,1386.2421875
2024-05-24,1379.369384765625
2024-05-27,1385.253662109375
2024-05-28,1381.2054443359375
2024-05-29,1366.0474853515625
2024-05-30,1343.922607421875
2024-05-31,1351.076904296875
2024-06-03,1350.11669921875
2024-06-04,1338.3526611328125
2024-06-05,1373.3563232421875
2024-06-06,1413.8341064453125
2024-06-07,1472.7496337890625
2024-06-10,1440.242919921875
2024-06-11,1436.4014892578125
2024-06-12,1426.2701416015625
2024-06-13,1434.6729736328125
2024-06-14,1429.8233642578125
2024-06-18,1438.7542724609375
2024-06-19,1451.382568359375
2024-06-20,1455.2718505859375
2024-06-21,1471.885498046875
2024-06-24,1466.5556640625
2024-06-25,1480.7684326171875
2024-06-26,1479.56787109375
2024-06-27,1510.9224853515625
2024-06-28,1504.5843505859375
2024-07-01,1527.6802978515625
2024-07-02,1556.72998046875
2024-07-03,1562.8280029296875
2024-07-04,1585.155517578125
2024-07-05,1582.0823974609375
2024-07-08,1595.718994140625
2024-07-09,1591.3975830078125
2024-07-10,1582.8507080078125
2024-07-11,1587.1240234375
2024-07-12,1643.8310546875
2024-07-15,1639.317626953125
2024-07-16,1657.5638427734375
2024-07-18,1688.2940673828125
2024-07-19,1721.8092041015625
2024-07-22,1738.9989013671875
2024-07-23,1764.015380859375
2024-07-24,1761.1824951171875
2024-07-25,1752.4434814453125
2024-07-26,1804.3489990234375
2024-07-29,1796.8583984375
2024-07-30,1802.6683349609375
2024-07-31,1794.1214599609375
2024-08-01,1779.0924072265625
2024-08-02,1748.9383544921875
2024-08-05,1682.38818359375
2024-08-06,1681.6197509765625
2024-08-07,1720.5609130859375
2024-08-08,1673.9852294921875
2024-08-09,1700.4901123046875
2024-08-12,1726.082763671875
2024-08-13,1726.130615234375
2024-08-14,1750.9071044921875
2024-08-16,1785.1904296875
2024-08-19,1790.8084716796875
2024-08-20,1797.914794921875
2024-08-21,1798.394775390625
2024-08-22,1805.6453857421875
2024-08-23,1788.2154541015625
2024-08-26,1801.7081298828125
2024-08-27,1824.7076416015625
2024-08-28,1862.160400390625
2024-08-29,1856.638427734375
2024-08-30,1866.5777587890625
2024-09-02,1886.552490234375
2024-09-03,1864.22509765625
2024-09-04,1846.1708984375
2024-09-05,1856.4464111328125
2024-09-06,1826.3883056640625
2024-09-09,1819.4739990234375
2024-09-10,1836.4237060546875
2024-09-11,1834.35888671875
2024-09-12,1873.0599365234375
2024-09-13,1866.9619140625
2024-09-16,1872.8680419921875
2024-09-17,1875.07666015625
2024-09-18,1817.0732421875
2024-09-19,1819.041748046875
2024-09-20,1830.1336669921875
2024-09-23,1821.2025146484375
2024-09-24,1823.2672119140625
2024-09-25,1820.0982666015625
2024-09-26,1824.851806640625
2024-09-27,1831.093994140625
2024-09-30,1801.179931640625
2024-10-01,1828.7891845703125
2024-10-03,1818.2735595703125
2024-10-04,1842.0416259765625
2024-10-07,1857.55078125
2024-10-08,1871.2353515625
2024-10-09,1875.2686767578125
2024-10-10,1842.85791015625
2024-10-11,1858.3189697265625
2024-10-14,1881.1746826171875
2024-10-15,1881.5589599609375
2024-10-16,1843.914306640625
2024-10-17,1890.0096435546875
2024-10-18,1805.0211181640625
2024-10-21,1779.236572265625
2024-10-22,1778.132080078125
2024-10-23,1799.0672607421875
2024-10-24,1789.4158935546875
2024-10-25,1788.1676025390625
2024-10-28,1791.336669921875
2024-10-29,1786.4317626953125
2024-10-30,1750.301025390625
2024-10-31,1706.740234375
2024-11-01,1710.236572265625
2024-11-04,1712.9561767578125
2024-11-05,1703.7777099609375
2024-11-06,1771.2801513671875
2024-11-07,1751.2237548828125
2024-11-08,1777.3504638671875
2024-11-11,1806.6337890625
2024-11-12,1815.083740234375
2024-11-13,1814.6953125
2024-11-14,1810.9559326171875
2024-11-18,1759.3822021484375
2024-11-19,1772.2999267578125
2024-11-21,1781.3326416015625
2024-11-22,1847.572265625
2024-11-25,1835.383056640625
2024-11-26,1868.8427734375
2024-11-27,1869.1827392578125
2024-11-28,1803.282958984375
2024-11-29,1804.448486328125
2024-12-02,1825.7677001953125
2024-12-03,1837.7139892578125
2024-12-04,1834.9459228515625
2024-12-05,1879.2352294921875
2024-12-06,1867.1431884765625
2024-12-09,1868.357177734375
2024-12-10,1892.54150390625
2024-12-11,1917.4056396484375
2024-12-12,1929.88623046875
2024-12-13,1942.22119140625
2024-12-16,1923.1361083984375
2024-12-17,1919.7852783203125
2024-12-18,1922.261962890625
2024-12-19,1890.259033203125
2024-12-20,1866.9002685546875
2024-12-23,1868.988525390625
2024-12-24,1854.1768798828125
2024-12-26,1852.5743408203125
2024-12-27,1861.655517578125
2024-12-30,1851.2144775390625
2024-12-31,1825.9617919921875
2025-01-01,1828.3900146484375
2025-01-02,1901.57421875
2025-01-03,1883.023193359375
2025-01-06,1882.1490478515625
2025-01-07,1875.3502197265625
2025-01-08,1877.5841064453125
2025-01-09,1862.1898193359375
2025-01-10,1910.4124755859375
2025-01-13,1905.799072265625
2025-01-14,1884.285888671875
2025-01-15,1893.60986328125
2025-01-16,1873.0191650390625
2025-01-17,1763.2672119140625
2025-01-20,1761.17919921875
2025-01-21,1748.941162109375
2025-01-22,1803.0887451171875
2025-01-23,1811.8299560546875
2025-01-24,1821.5426025390625
2025-01-27,1769.6290283203125
2025-01-28,1777.15625
2025-01-29,1827.1759033203125
2025-01-30,1806.488037109375
2025-01-31,1825.7677001953125
2025-02-01,1798.1353759765625
2025-02-03,1809.741943359375
2025-02-04,1844.2215576171875
2025-02-05,1842.521728515625
2025-02-06,1860.587158203125
2025-02-07,1848.9320068359375
2025-02-10,1826.2532958984375
2025-02-11,1821.7369384765625
2025-02-12,1809.5963134765625
2025-02-13,1790.268310546875
2025-02-14,1803.040283203125
2025-02-17,1789.345458984375
2025-02-18,1798.7181396484375
2025-02-19,1758.7509765625
2025-02-20,1772.6884765625
2025-02-21,1762.8302001953125
2025-02-24,1713.3931884765625
2025-02-25,1716.8897705078125
2025-02-27,1713.5875244140625
2025-02-28,1639.189208984375
2025-03-03,1659.488525390625
2025-03-04,1639.7720947265625
2025-03-05,1662.30517578125
2025-03-06,1666.5301513671875
2025-03-07,1637.5380859375
2025-03-10,1652.5439453125
2025-03-11,1613.83935546875
2025-03-12,1545.123046875
2025-03-13,1534.439208984375
2025-03-17,1544.34619140625
2025-03-18,1544.34619140625
2025-03-19,1540.94677734375
2025-03-20,1569.11328125
2025-03-21,1546.7742919921875
2025-03-24,1546.968505859375
2025-03-25,1581.6422119140625
2025-03-26,1553.4759521484375
2025-03-27,1557.4581298828125
2025-03-28,1525.5037841796875
2025-04-01,1482.6226806640625
2025-04-02,1505.593017578125
2025-04-03,1453.4849853515625
2025-04-04,1409.9241943359375
2025-04-07,1356.602294921875
2025-04-08,1387.7310791015625
2025-04-09,1363.3524169921875
2025-04-11,1368.937255859375
2025-04-15,1385.011474609375
2025-04-16,1372.4822998046875
2025-04-17,1378.6982421875
2025-04-21,1409.29296875
2025-04-22,1381.903564453125
2025-04-23,1432.505859375
2025-04-24,1429.1065673828125
2025-04-25,1437.653564453125
2025-04-28,1439.4989013671875
2025-04-29,1454.4564208984375
2025-04-30,1456.9815673828125
2025-05-02,1463.586181640625
2025-05-05,1465.2373046875
2025-05-06,1468.0538330078125
2025-05-07,1464.9459228515625
2025-05-08,1467.9569091796875
2025-05-09,1464.2659912109375
2025-05-12,1580.136962890625
2025-05-13,1523.5125732421875
2025-05-14,1546.6285400390625
2025-05-15,1566.6363525390625
2025-05-16,1544.200439453125
2025-05-19,1514.965576171875
2025-05-20,1515.7425537109375
2025-05-21,1523.41552734375
2025-05-22,1503.01904296875
2025-05-23,1519.8218994140625
2025-05-26,1535.070556640625
2025-05-27,1524.9696044921875
2025-05-28,1526.6207275390625
2025-05-29,1540.0240478515625
2025-05-30,1539.1375732421875
2025-06-02,1530.371826171875
2025-06-03,1519.734619140625
2025-06-04,1527.8109130859375
2025-06-05,1530.8642578125
2025-06-06,1540.2210693359375
2025-06-09,1549.183837890625
2025-06-10,1571.935546875
2025-06-11,1606.5062255859375
2025-06-12,1584.345458984375
2025-06-13,1577.844970703125
2025-06-16,1599.31640625
2025-06-17,1615.173583984375
2025-06-18,1608.2791748046875
2025-06-19,1593.997802734375
2025-06-20,1598.429931640625
2025-06-23,1560.116455078125
2025-06-24,1557.7525634765625
2025-06-25,1590.550537109375
2025-06-26,1591.6339111328125
2025-06-27,1583.7545166015625
2025-06-30,1577.6480712890625
2025-07-01,1582.57275390625
2025-07-02,1586.2169189453125
2025-07-03,1594.293212890625
2025-07-04,1615.96142578125
2025-07-07,1602.4681396484375
2025-07-08,1613.9915771484375
2025-07-09,1609.0670166015625
2025-07-10,1591.43701171875
2025-07-11,1570.85205078125
2025-07-14,1546.623046875
2025-07-15,1561.6922607421875
2025-07-16,1583.6561279296875
2025-07-17,1559.6240234375
2025-07-18,1562.1846923828125
2025-07-21,1560.4119873046875
2025-07-22,1547.2139892578125
2025-07-23,1550.7596435546875
2025-07-24,1529.0914306640625
2025-07-25,1492.84619140625
2025-07-28,1493.1417236328125
2025-07-29,1490.8763427734375
2025-07-30,1496.0965576171875
2025-07-31,1486.247314453125
2025-08-01,1447.4412841796875
2025-08-04,1458.177001953125
2025-08-05,1438.2816162109375
2025-08-06,1415.037353515625
2025-08-07,1415.234375
2025-08-08,1401.6424560546875
2025-08-11,1406.66552734375
2025-08-12,1402.62744140625
2025-08-13,1405.0897216796875
2025-08-14,1425.8714599609375
2025-08-18,1414.1510009765625
2025-08-19,1418.2877197265625
2025-08-20,1473.6402587890625
2025-08-21,1473.8372802734375
2025-08-22,1465.0714111328125
2025-08-25,1508.9989013671875
2025-08-26,1506.53662109375
2025-08-28,1477.4814453125
2025-08-29,1447.4412841796875
2025-09-01,1476.7921142578125
2025-09-02,1476.1025390625
2025-09-03,1456.798095703125
2025-09-04,1440.94091796875
2025-09-05,1422.8182373046875
2025-09-08,1411.2947998046875
2025-09-09,1481.6181640625
2025-09-10,1509.491455078125
2025-09-11,1486.9366455078125
2025-09-12,1502.596923828125
2025-09-15,1485.6563720703125
2025-09-16,1488.5126953125
2025-09-17,1499.4453125
2025-09-18,1517.370849609375
2025-09-19,1516.976806640625
2025-09-22,1476.8905029296875
2025-09-23,1474.920654296875
2025-09-24,1472.0643310546875
2025-09-25,1462.4122314453125
2025-09-26,1427.053466796875
2025-09-29,1420.060546875
2025-09-30,1420.060546875
2025-10-01,1424.000244140625
2025-10-03,1424.7880859375
2025-10-06,1453.744873046875
2025-10-07,1436.5086669921875
2025-10-08,1472.4583740234375
2025-10-09,1486.5428466796875
2025-10-10,1492.058349609375
2025-10-13,1470.6854248046875
2025-10-14,1467.435302734375
2025-10-15,1452.1690673828125
2025-10-16,1449.312744140625
2025-10-17,1419.37109375
2025-10-20,1438.87255859375
2025-10-21,1450.19921875
2025-10-23,1505.4532470703125
2025-10-24,1502.4000244140625
2025-10-27,1504.5
2025-10-28,1500.199951171875
2025-10-29,1510.4000244140625
2025-10-30,1493.800048828125
2025-10-31,1482.300048828125
2025-11-03,1485.5
2025-11-04,1467.9000244140625
2025-11-06,1466.699951171875
2025-11-07,1476.800048828125
2025-11-10,1513.5
2025-11-11,1530.300048828125
2025-11-12,1551.699951171875
2025-11-13,1541.800048828125
2025-11-14,1502.800048828125
2025-11-17,1507.5999755859375
2025-11-18,1486.4000244140625
2025-11-19,1541.0999755859375
2025-11-20,1536.5
2025-11-21,1545.0
2025-11-24,1548.0
2025-11-25,1530.5999755859375
2025-11-26,1557.9000244140625
2025-11-27,1566.4000244140625
2025-11-28,1560.0999755859375
2025-12-01,1564.0
2025-12-02,1561.0
2025-12-03,1578.699951171875
2025-12-04,1597.5999755859375
2025-12-05,1616.199951171875
2025-12-08,1610.800048828125
2025-12-09,1599.0
2025-12-10,1584.800048828125
2025-12-11,1598.0
2025-12-12,1598.199951171875
2025-12-15,1606.800048828125
2025-12-16,1592.9000244140625
2025-12-17,1602.0
2025-12-18,1626.800048828125
2025-12-19,1638.699951171875
2025-12-22,1689.5999755859375
2025-12-23,1668.300048828125
2025-12-24,1663.4000244140625
2025-12-26,1656.0999755859375
2025-12-29,1644.699951171875
2025-12-30,1621.5999755859375
2025-12-31,1615.4000244140625
2026-01-01,1629.800048828125
2026-01-02,1640.4000244140625
2026-01-05,1606.4000244140625
2026-01-06,1612.199951171875
2026-01-07,1639.0
2026-01-08,1613.300048828125
2026-01-09,1614.0999755859375
2026-01-12,1595.9000244140625
2026-01-13,1599.0
2026-01-14,1599.800048828125
2026-01-15,1599.800048828125
2026-01-16,1689.800048828125
2026-01-19,1681.199951171875
2026-01-20,1658.9000244140625
2026-01-21,1654.4000244140625
2026-01-22,1663.5
2026-01-23,1670.800048828125
2026-01-27,1682.699951171875
2026-01-28,1666.5
2026-01-29,1659.5
2026-01-30,1641.0
2026-02-02,1629.4000244140625
2026-02-03,1656.0
2026-02-04,1535.800048828125
2026-02-05,1520.199951171875
2026-02-06,1507.0999755859375
2026-02-09,1497.199951171875
2026-02-10,1497.800048828125
2026-02-11,1471.9000244140625
2026-02-12,1386.0
2026-02-13,1369.0999755859375
2026-02-16,1365.5999755859375
2026-02-17,1391.199951171875
2026-02-18,1373.699951171875
2026-02-19,1370.5
2026-02-20,1353.199951171875
2026-02-23,1327.5
2026-02-24,1275.5
2026-02-25,1290.0999755859375
2026-02-26,1289.0999755859375
2026-02-27,1300.0999755859375
2026-03-02,1288.9000244140625
2026-03-04,1307.4000244140625
2026-03-05,1305.800048828125
2026-03-06,1308.4000244140625
2026-03-09,1315.0
2026-03-10,1295.5999755859375
2026-03-11,1276.300048828125
2026-03-12,1265.800048828125
2026-03-13,1248.300048828125
2026-03-16,1249.800048828125
2026-03-17,1232.9000244140625
2026-03-18,1267.0999755859375
2026-03-19,1220.800048828125
2026-03-20,1255.9000244140625
2026-03-23,1256.800048828125
2026-03-24,1278.300048828125
2026-03-25,1279.0999755859375
2026-03-27,1269.699951171875
2026-03-30,1250.5999755859375
2026-04-01,1275.699951171875
2026-04-02,1300.800048828125
2026-04-06,1306.199951171875
2026-04-07,1339.4000244140625
2026-04-08,1346.199951171875
2026-04-09,1331.5999755859375
2026-04-10,1292.5
2026-04-13,1276.800048828125
2026-04-15,1305.300048828125
2026-04-16,1319.199951171875
2026-04-17,1318.699951171875
2026-04-20,1312.5999755859375
2026-04-21,1311.800048828125
